Entire Dataset 690,AUC,Accuracy,Mean,165 Datasets (CBLANE),AUC,Accuracy
wgEncodeAwgTfbsSydhHek293Elk4UcdUniPk,0.9533093572,0.8824561238,0.9386169557,wgEncodeAwgTfbsBroadDnd41CtcfUniPk,0.9843218923,0.9410436153
wgEncodeAwgTfbsSydhHepg2Irf3IggrabUniPk,0.9336716533,0.8571428657,,wgEncodeAwgTfbsBroadDnd41Ezh239875UniPk,0.9310086966,0.8512230515
wgEncodeAwgTfbsHaibK562Bcl3Pcr1xUniPk,0.9310001135,0.8601823449,,wgEncodeAwgTfbsBroadGm12878CtcfUniPk,0.9566236138,0.8930444121
wgEncodeAwgTfbsSydhGm12878Brca1a300IggmusUniPk,0.8455806971,0.7763158083,,wgEncodeAwgTfbsBroadH1hescCtcfUniPk,0.9344903827,0.8596968055
wgEncodeAwgTfbsBroadH1hescJarid1aab26049UniPk,0.9595095515,0.9154929519,,wgEncodeAwgTfbsBroadHelas3CtcfUniPk,0.9836093187,0.9380853176
wgEncodeAwgTfbsBroadHsmmEzh239875UniPk,0.933005631,0.8501945734,,wgEncodeAwgTfbsBroadHelas3Ezh239875UniPk,0.9841490984,0.9381898642
wgEncodeAwgTfbsSydhK562Tr4UcdUniPk,0.8840392828,0.7954545617,,wgEncodeAwgTfbsBroadHelas3Pol2bUniPk,0.8206244111,0.7337662578
wgEncodeAwgTfbsSydhGm12878NfyaIggmusUniPk,0.8198649883,0.7483766079,,wgEncodeAwgTfbsBroadHepg2CtcfUniPk,0.977737546,0.9226533771
wgEncodeAwgTfbsUtaH1hescCmycUniPk,0.9092318416,0.8220973611,,wgEncodeAwgTfbsBroadHepg2Ezh239875UniPk,0.9899965525,0.9602272511
wgEncodeAwgTfbsHaibA549GrPcr1xDex500pmUniPk,0.9636576176,0.8865545988,,wgEncodeAwgTfbsBroadHmecCtcfUniPk,0.9852449894,0.947586298
wgEncodeAwgTfbsSydhK562Brf2UniPk,0.9524512887,0.8895463347,,wgEncodeAwgTfbsBroadHsmmCtcfUniPk,0.9672905207,0.900191009
wgEncodeAwgTfbsSydhNt2d1Znf274UcdUniPk,0.9835526347,0.8857142925,,wgEncodeAwgTfbsBroadHsmmEzh239875UniPk,0.9558826685,0.8872801661
wgEncodeAwgTfbsSydhHelas3Bdp1UniPk,0.8008903861,0.7202380896,,wgEncodeAwgTfbsBroadHsmmtCtcfUniPk,0.9735882282,0.9206731915
wgEncodeAwgTfbsSydhK562Tf3c110UniPk,0.8494688869,0.7669172883,,wgEncodeAwgTfbsBroadHuvecCtcfUniPk,0.8242297173,0.7072165012
wgEncodeAwgTfbsSydhK562Irf1Ifna30UniPk,0.9227361679,0.8423728943,,wgEncodeAwgTfbsBroadHuvecEzh239875UniPk,0.8970764279,0.8105041981
wgEncodeAwgTfbsHaibGm12878RxraPcr1xUniPk,0.7286768556,0.677685976,,wgEncodeAwgTfbsBroadHuvecPol2bUniPk,0.9711288214,0.9102166891
wgEncodeAwgTfbsSydhGm08714Znf274UcdUniPk,0.7535334229,0.6965517402,,wgEncodeAwgTfbsBroadK562CtcfUniPk,0.9767668843,0.9251682162
wgEncodeAwgTfbsBroadDnd41Ezh239875UniPk,0.8735550642,0.7987927794,,wgEncodeAwgTfbsBroadK562Ezh239875UniPk,0.9612042904,0.8931361437
wgEncodeAwgTfbsSydhK562Bdp1UniPk,0.9316828847,0.8504273295,,wgEncodeAwgTfbsBroadK562Hdac2a300705aUniPk,0.9892482162,0.9526884556
wgEncodeAwgTfbsSydhHepg2Hsf1ForsklnUniPk,0.9012380242,0.8590909243,,wgEncodeAwgTfbsBroadK562Hdac6a301341aUniPk,0.9319248796,0.8551775813
wgEncodeAwgTfbsSydhHepg2Znf274UcdUniPk,0.9215857387,0.8429054022,,wgEncodeAwgTfbsBroadNhaCtcfUniPk,0.9833928943,0.9386028647
wgEncodeAwgTfbsBroadHelas3Ezh239875UniPk,0.9627317786,0.9003689885,,wgEncodeAwgTfbsBroadNhdfadCtcfUniPk,0.9241097569,0.8413396478
wgEncodeAwgTfbsSydhGm12878Pol3UniPk,0.9566023946,0.8910568953,,wgEncodeAwgTfbsBroadNhekCtcfUniPk,0.9690095186,0.9029227495
wgEncodeAwgTfbsSydhHelas3Brf2UniPk,0.9485336542,0.9047619104,,wgEncodeAwgTfbsBroadNhekPol2bUniPk,0.9129888415,0.8316188455
wgEncodeAwgTfbsSydhHepg2Grp20ForsklnUniPk,0.9041003585,0.8237037063,,wgEncodeAwgTfbsBroadNhlfCtcfUniPk,0.949215889,0.8778904676
wgEncodeAwgTfbsHaibH1hescFosl1sc183V0416102UniPk,0.8869696856,0.8051576018,,wgEncodeAwgTfbsBroadOsteoblCtcfUniPk,0.9722523689,0.9158266187
wgEncodeAwgTfbsSydhH1hescRfx5200401194IggrabUniPk,0.9764494896,0.9361413121,,wgEncodeAwgTfbsHaibA549Elf1V0422111Etoh02UniPk,0.9898700714,0.9591658711
wgEncodeAwgTfbsSydhK562Brf1UniPk,0.943964541,0.8696398139,,wgEncodeAwgTfbsHaibA549Fosl2V0422111Etoh02UniPk,0.8280597925,0.750954926
wgEncodeAwgTfbsSydhK562Rpc155UniPk,0.976249814,0.9436241388,,wgEncodeAwgTfbsHaibA549Foxa1V0416102Dex100nmUniPk,0.9839931726,0.9455013871
wgEncodeAwgTfbsSydhK562NelfeUniPk,0.9651988745,0.9239130616,,wgEncodeAwgTfbsHaibA549GabpV0422111Etoh02UniPk,0.9865779281,0.9485490918
wgEncodeAwgTfbsSydhK562Stat1Ifna6hUniPk,0.9000889063,0.8161209226,,wgEncodeAwgTfbsHaibA549Sin3ak20V0422111Etoh02UniPk,0.8743587732,0.7975047827
wgEncodeAwgTfbsSydhHepg2ErraForsklnUniPk,0.958245635,0.8847736716,,wgEncodeAwgTfbsHaibA549Taf1V0422111Etoh02UniPk,0.9592000246,0.8943628073
wgEncodeAwgTfbsSydhHelas3Irf3IggrabUniPk,0.8292924762,0.7111111283,,wgEncodeAwgTfbsHaibEcc1Foxa1sc6553V0416102Dm002p1hUniPk,0.9892169237,0.9612618685
wgEncodeAwgTfbsHaibGm12878Atf3Pcr1xUniPk,0.8509277105,0.7640449405,,wgEncodeAwgTfbsHaibGm12878Elf1sc631V0416101UniPk,0.9735967517,0.920003593
wgEncodeAwgTfbsSydhGm12878Zzz3UniPk,0.8050675988,0.7142857313,,wgEncodeAwgTfbsHaibGm12878GabpPcr2xUniPk,0.9518190622,0.8806749582
wgEncodeAwgTfbsSydhK562Znf274UcdUniPk,0.8640350699,0.7841409445,,wgEncodeAwgTfbsHaibGm12878P300Pcr1xUniPk,0.9826084971,0.9400048852
wgEncodeAwgTfbsSydhGm12878Tr4UniPk,0.9714983106,0.917491734,,wgEncodeAwgTfbsHaibGm12878Pax5c20Pcr1xUniPk,0.9113324285,0.8258150816
wgEncodeAwgTfbsSydhHelas3Brg1IggmusUniPk,0.9480000138,0.8521739244,,wgEncodeAwgTfbsHaibGm12878Pax5n19Pcr1xUniPk,0.9414689541,0.8718724251
wgEncodeAwgTfbsBroadK562Hdac6a301341aUniPk,0.8732106686,0.7842519879,,wgEncodeAwgTfbsHaibGm12878Taf1Pcr1xUniPk,0.8621667624,0.785394907
wgEncodeAwgTfbsHaibH1hescRxraV0416102UniPk,0.8948797584,0.8217054009,,wgEncodeAwgTfbsHaibGm12878Yy1sc281Pcr1xUniPk,0.9917119145,0.9604559541
wgEncodeAwgTfbsSydhHelas3Znf274UcdUniPk,0.9097222686,0.8191881776,,wgEncodeAwgTfbsHaibGm12891Pax5c20V0416101UniPk,0.8397994041,0.7621573806
wgEncodeAwgTfbsSydhGm12878Stat1UniPk,0.970629096,0.9139785171,,wgEncodeAwgTfbsHaibGm12892Pax5c20V0416101UniPk,0.9670053124,0.911051929
wgEncodeAwgTfbsSydhGm12878Nfe2sc22827UniPk,0.8908391595,0.7769110799,,wgEncodeAwgTfbsHaibGm12892Taf1V0416102UniPk,0.9934571385,0.9627197385
wgEncodeAwgTfbsSydhK562Atf3UniPk,0.9314152002,0.8454545736,,wgEncodeAwgTfbsHaibGm12892Yy1V0416101UniPk,0.958059907,0.8922723532
wgEncodeAwgTfbsSydhHepg2Nrf1IggrabUniPk,0.8854706883,0.788793087,,wgEncodeAwgTfbsHaibH1hescFosl1sc183V0416102UniPk,0.9431909323,0.8696824312
wgEncodeAwgTfbsUchicagoK562Ehdac8UniPk,0.8657565713,0.7719821334,,wgEncodeAwgTfbsHaibH1hescGabpPcr1xUniPk,0.9453533292,0.8679495454
wgEncodeAwgTfbsSydhHelas3Zzz3UniPk,0.8690055013,0.7796934843,,wgEncodeAwgTfbsHaibH1hescHdac2sc6296V0416102UniPk,0.9812332988,0.9333830476
wgEncodeAwgTfbsSydhHepg2Pgc1aForsklnUniPk,0.8427343369,0.7400000095,,wgEncodeAwgTfbsHaibH1hescSp1Pcr1xUniPk,0.9893041849,0.949500978
wgEncodeAwgTfbsSydhK562Pol3UniPk,0.8750169277,0.8119533658,,wgEncodeAwgTfbsHaibH1hescSp2V0422111UniPk,0.9660033584,0.9004824162
wgEncodeAwgTfbsSydhHelas3Brf1UniPk,0.8487093449,0.7608247399,,wgEncodeAwgTfbsHaibH1hescSrfPcr1xUniPk,0.9861760139,0.947188735
wgEncodeAwgTfbsSydhGm12878Znf274UniPk,0.9488791227,0.8972222209,,wgEncodeAwgTfbsHaibH1hescTead4sc101184V0422111UniPk,0.9920631647,0.9616679549
wgEncodeAwgTfbsSydhGm12878Corestsc30189IggmusUniPk,0.9654999375,0.907715559,,wgEncodeAwgTfbsHaibH1hescYy1sc281V0416102UniPk,0.9861135483,0.9452930689
wgEncodeAwgTfbsSydhHepg2Brca1a300IggrabUniPk,0.8718603849,0.7419354916,,wgEncodeAwgTfbsHaibHct116Yy1sc281V0416101UniPk,0.9511927366,0.8812877536
wgEncodeAwgTfbsSydhK562Znf274m01UcdUniPk,0.9313508868,0.8571428657,,wgEncodeAwgTfbsHaibHelas3GabpPcr1xUniPk,0.9749175906,0.9300695658
wgEncodeAwgTfbsSydhK562Stat1Ifna30UniPk,0.7850145698,0.6887323856,,wgEncodeAwgTfbsHaibHepg2Cebpbsc150V0416101UniPk,0.9209369421,0.8388997912
wgEncodeAwgTfbsBroadK562Ezh239875UniPk,0.9193452597,0.8902438879,,wgEncodeAwgTfbsHaibHepg2Elf1sc631V0416101UniPk,0.9940427542,0.96558249
wgEncodeAwgTfbsHaibHepg2Tcf12Pcr1xUniPk,0.9450842738,0.8740777969,,wgEncodeAwgTfbsHaibHepg2Fosl2V0416101UniPk,0.9891580939,0.9518963099
wgEncodeAwgTfbsSydhK562CmycIfna30UniPk,0.9405847788,0.8693130016,,wgEncodeAwgTfbsHaibHepg2Foxa1sc101058V0416101UniPk,0.944067955,0.8712171912
wgEncodeAwgTfbsHaibK562Atf3V0416101UniPk,0.9673576355,0.907661736,,wgEncodeAwgTfbsHaibHepg2Foxa1sc6553V0416101UniPk,0.8834761977,0.801638186
wgEncodeAwgTfbsHaibSknshTaf1V0416101UniPk,0.9916698337,0.9451871514,,wgEncodeAwgTfbsHaibHepg2GabpPcr2xUniPk,0.942771554,0.8701367974
wgEncodeAwgTfbsSydhMcf10aesE2f4TamHvdUniPk,0.9477847815,0.8762511611,,wgEncodeAwgTfbsHaibHepg2Hdac2sc6296V0416101UniPk,0.9235959053,0.8392499685
wgEncodeAwgTfbsSydhGm12878Tblr1ab24550IggmusUniPk,0.9241954088,0.8406034708,,wgEncodeAwgTfbsHaibHepg2JundPcr1xUniPk,0.9710993767,0.9126054645
wgEncodeAwgTfbsUtaHelas3Pol2UniPk,0.9143194556,0.835989356,,wgEncodeAwgTfbsHaibHepg2P300V0416101UniPk,0.7927072644,0.7112675905
wgEncodeAwgTfbsSydhK562Irf1Ifna6hUniPk,0.9092843533,0.819975853,,wgEncodeAwgTfbsHaibHepg2Sin3ak20Pcr1xUniPk,0.9090946317,0.8319615722
wgEncodeAwgTfbsSydhK562Irf1Ifng30UniPk,0.8475705981,0.7587652206,,wgEncodeAwgTfbsHaibHepg2Sp1Pcr1xUniPk,0.9881793261,0.943352282
wgEncodeAwgTfbsHaibGm12878Pol24h8Pcr1xUniPk,0.9775958061,0.922870934,,wgEncodeAwgTfbsHaibHepg2Sp2V0422111UniPk,0.9770475626,0.9356950521
wgEncodeAwgTfbsSydhHelas3CfosUniPk,0.9268503189,0.8429265022,,wgEncodeAwgTfbsHaibHepg2SrfV0416101UniPk,0.9073390961,0.8232931495
wgEncodeAwgTfbsSydhPbdePol2UcdUniPk,0.9124599695,0.83008039,,wgEncodeAwgTfbsHaibHepg2Taf1Pcr2xUniPk,0.9213273525,0.8522727489
wgEncodeAwgTfbsSydhK562NfybUniPk,0.9389154911,0.8577991128,,wgEncodeAwgTfbsHaibHepg2Tead4sc101184V0422111UniPk,0.9622119069,0.8956179619
wgEncodeAwgTfbsSydhK562CfosUniPk,0.8796239495,0.7881679535,,wgEncodeAwgTfbsHaibHepg2Yy1sc281V0416101UniPk,0.9705036283,0.9101347923
wgEncodeAwgTfbsSydhGm12878Chd2ab68301IggmusUniPk,0.9857721329,0.9435631037,,wgEncodeAwgTfbsHaibK562Cebpbsc150V0422111UniPk,0.8689067364,0.792108357
wgEncodeAwgTfbsHaibHepg2SrfV0416101UniPk,0.8950567245,0.8016042709,,wgEncodeAwgTfbsHaibK562Elf1sc631V0416102UniPk,0.9063861966,0.8260772824
wgEncodeAwgTfbsSydhK562Setdb1MnasedUcdUniPk,0.9530271888,0.8866581321,,wgEncodeAwgTfbsHaibK562Fosl1sc183V0416101UniPk,0.9281426072,0.8493698835
wgEncodeAwgTfbsHaibA549Sin3ak20V0422111Etoh02UniPk,0.8970960379,0.8143176436,,wgEncodeAwgTfbsHaibK562GabpV0416101UniPk,0.9799078107,0.9234065413
wgEncodeAwgTfbsSydhHelas3Elk4UcdUniPk,0.9299548864,0.8418329358,,wgEncodeAwgTfbsHaibK562Gata2sc267Pcr1xUniPk,0.9885386229,0.9517346621
wgEncodeAwgTfbsHaibT47dEralphaaV0416102Est10nm1hUniPk,0.9815371037,0.9327284694,,wgEncodeAwgTfbsHaibK562Hdac2sc6296V0416102UniPk,0.9885647297,0.9525809884
wgEncodeAwgTfbsHaibGm12891Pol24h8Pcr1xUniPk,0.9250975251,0.8363881111,,wgEncodeAwgTfbsHaibK562MaxV0416102UniPk,0.963406086,0.8969931006
wgEncodeAwgTfbsSydhA549Bhlhe40IggrabUniPk,0.8778191805,0.7927505374,,wgEncodeAwgTfbsHaibK562Sin3ak20V0416101UniPk,0.9360620975,0.8580264449
wgEncodeAwgTfbsSydhGm12878Mxi1IggmusUniPk,0.8975182772,0.807415545,,wgEncodeAwgTfbsHaibK562SrfV0416101UniPk,0.9760973454,0.9207129478
wgEncodeAwgTfbsSydhH1hescCmycIggrabUniPk,0.9153397083,0.8315004706,,wgEncodeAwgTfbsHaibK562Taf1V0416101UniPk,0.9182209373,0.8364391923
wgEncodeAwgTfbsSydhMcf10aesStat3Etoh01UniPk,0.9349469543,0.8501277566,,wgEncodeAwgTfbsHaibK562Tead4sc101184V0422111UniPk,0.9277690053,0.8466017246
wgEncodeAwgTfbsHaibH1hescYy1sc281V0416102UniPk,0.9667624831,0.9009651542,,wgEncodeAwgTfbsHaibK562Yy1V0416101UniPk,0.9511455894,0.883826673
wgEncodeAwgTfbsHaibGm12878Sp1Pcr1xUniPk,0.9617766738,0.8903966546,,wgEncodeAwgTfbsHaibK562Yy1V0416102UniPk,0.9812363982,0.9364811182
wgEncodeAwgTfbsSydhK562Stat2Ifna30UniPk,0.962456882,0.9006018043,,wgEncodeAwgTfbsHaibPanc1Sin3ak20V0416101UniPk,0.9529206753,0.8974580169
wgEncodeAwgTfbsHaibHepg2Cebpbsc150V0416101UniPk,0.9646911621,0.9052993059,,wgEncodeAwgTfbsHaibSknshraP300V0416102UniPk,0.9837656617,0.9481389523
wgEncodeAwgTfbsHaibK562Nr2f2sc271940V0422111UniPk,0.8707304001,0.7656844258,,wgEncodeAwgTfbsHaibSknshraYy1sc281V0416102UniPk,0.9524959922,0.8855645061
wgEncodeAwgTfbsUtaGm12878Pol2UniPk,0.8881438971,0.8006153703,,wgEncodeAwgTfbsHaibSknshTaf1V0416101UniPk,0.9586693048,0.8930753469
wgEncodeAwgTfbsHaibGm12878Mef2csc13268V0416101UniPk,0.8453813791,0.7469046116,,wgEncodeAwgTfbsHaibT47dFoxa1sc6553V0416102Dm002p1hUniPk,0.9165964723,0.8312712908
wgEncodeAwgTfbsSydhHepg2Tr4UcdUniPk,0.8998148441,0.8162342906,,wgEncodeAwgTfbsHaibT47dGata3sc268V0416102Dm002p1hUniPk,0.9433742166,0.870588243
wgEncodeAwgTfbsSydhHelas3Hae2f1UniPk,0.9205784202,0.8343259096,,wgEncodeAwgTfbsHaibT47dP300V0416102Dm002p1hUniPk,0.9900067449,0.9574636221
wgEncodeAwgTfbsHaibGm12878NrsfPcr1xUniPk,0.9279136062,0.8473242521,,wgEncodeAwgTfbsSydhA549CebpbIggrabUniPk,0.9553077817,0.8889787197
wgEncodeAwgTfbsSydhHelas3TbpIggrabUniPk,0.9025410414,0.8220419884,,wgEncodeAwgTfbsSydhGm10847NfkbTnfaIggrabUniPk,0.984629631,0.9392059445
wgEncodeAwgTfbsHaibGm12891Pol2Pcr1xUniPk,0.8769951463,0.7895855308,,wgEncodeAwgTfbsSydhGm12878CfosUniPk,0.9502208829,0.8827675581
wgEncodeAwgTfbsSydhHepg2Bhlhe40cIggrabUniPk,0.9648391008,0.8982456326,,wgEncodeAwgTfbsSydhGm12878JundUniPk,0.9625293016,0.8926644921
wgEncodeAwgTfbsHaibH1hescSp1Pcr1xUniPk,0.8418795466,0.7700186372,,wgEncodeAwgTfbsSydhGm12878MaxIggmusUniPk,0.9191389084,0.8375531435
wgEncodeAwgTfbsSydhHelas3Mxi1af4185IggrabUniPk,0.8647810817,0.7792411447,,wgEncodeAwgTfbsSydhGm12878NfkbTnfaIggrabUniPk,0.9447000623,0.8722001314
wgEncodeAwgTfbsHaibGm12878Egr1Pcr2xUniPk,0.8844488859,0.7994241714,,wgEncodeAwgTfbsSydhGm12878P300bUniPk,0.9259545207,0.8416087627
wgEncodeAwgTfbsHaibH1hescSp2V0422111UniPk,0.9477168322,0.8723564744,,wgEncodeAwgTfbsSydhGm12878Stat3IggmusUniPk,0.946578145,0.8719303608
wgEncodeAwgTfbsHaibHepg2NrsfV0416101UniPk,0.938808322,0.8576642275,,wgEncodeAwgTfbsSydhGm12878TbpIggmusUniPk,0.9660969377,0.9062063694
wgEncodeAwgTfbsSydhK562Gata1UcdUniPk,0.9565560818,0.8807982802,,wgEncodeAwgTfbsSydhGm12891NfkbTnfaIggrabUniPk,0.9573817253,0.8891317248
wgEncodeAwgTfbsSydhA549Pol2s2IggrabUniPk,0.9408131242,0.8733392358,,wgEncodeAwgTfbsSydhGm12892NfkbTnfaIggrabUniPk,0.9755902886,0.9215983748
wgEncodeAwgTfbsHaibGm12892Taf1V0416102UniPk,0.9640542865,0.8992314339,,wgEncodeAwgTfbsSydhGm18526NfkbTnfaIggrabUniPk,0.9758082628,0.921875
wgEncodeAwgTfbsSydhH1hescNrf1IggrabUniPk,0.8365650773,0.75,,wgEncodeAwgTfbsSydhGm19099NfkbTnfaIggrabUniPk,0.8678267598,0.7857740521
wgEncodeAwgTfbsHaibH1hescBcl11aPcr1xUniPk,0.9534936547,0.8827999234,,wgEncodeAwgTfbsSydhH1hescCebpbIggrabUniPk,0.9882903099,0.9568631649
wgEncodeAwgTfbsSydhHek293Tcf7l2UcdUniPk,0.9593886733,0.8957585692,,wgEncodeAwgTfbsSydhH1hescCtbp2UcdUniPk,0.880153656,0.7937802672
wgEncodeAwgTfbsSydhHepg2P300sc582IggrabUniPk,0.9160640836,0.8357952833,,wgEncodeAwgTfbsSydhH1hescJundIggrabUniPk,0.9663886428,0.9091265202
wgEncodeAwgTfbsSydhGm15510NfkbTnfaIggrabUniPk,0.9446789026,0.8716951609,,wgEncodeAwgTfbsSydhH1hescMaxUcdUniPk,0.8734467626,0.7879858613
wgEncodeAwgTfbsSydhK562Hmgn3UniPk,0.9528124928,0.8684820533,,wgEncodeAwgTfbsSydhH1hescSin3anb6001263IggrabUniPk,0.9774931073,0.9204112887
wgEncodeAwgTfbsSydhGm12878Rfx5200401194IggmusUniPk,0.8648395538,0.7834020257,,wgEncodeAwgTfbsSydhHelas3CebpbIggrabUniPk,0.9495642185,0.8807730079
wgEncodeAwgTfbsHaibT47dEralphaaPcr2xGen1hUniPk,0.97793293,0.9240867496,,wgEncodeAwgTfbsSydhHelas3CfosUniPk,0.9721619487,0.9172911644
wgEncodeAwgTfbsSydhHelas3Tcf7l2UcdUniPk,0.9361312985,0.8574766517,,wgEncodeAwgTfbsSydhHelas3CjunIggrabUniPk,0.9873073697,0.9552752376
wgEncodeAwgTfbsSydhK562Setdb1UcdUniPk,0.9829521179,0.9473945498,,wgEncodeAwgTfbsSydhHelas3Hae2f1UniPk,0.9182189703,0.8355596662
wgEncodeAwgTfbsSydhK562CmycIfna6hUniPk,0.9061085582,0.8177706599,,wgEncodeAwgTfbsSydhHelas3JundIggrabUniPk,0.8711793423,0.780534327
wgEncodeAwgTfbsHaibK562Trim28sc81411V0422111UniPk,0.8854749799,0.7899590135,,wgEncodeAwgTfbsSydhHelas3MaxIggrabUniPk,0.9778612256,0.9229578376
wgEncodeAwgTfbsSydhHepg2Chd2ab68301IggrabUniPk,0.8567798734,0.7746478915,,wgEncodeAwgTfbsSydhHelas3P300sc584sc584IggrabUniPk,0.9000459313,0.8191766739
wgEncodeAwgTfbsBroadHepg2Ezh239875UniPk,0.9425350428,0.8647398949,,wgEncodeAwgTfbsSydhHelas3Stat3IggrabUniPk,0.9322009683,0.8519473672
wgEncodeAwgTfbsHaibA549Zbtb33V0422111Etoh02UniPk,0.9342635274,0.8570683599,,wgEncodeAwgTfbsSydhHepg2CebpbForsklnUniPk,0.9820811152,0.9429690838
wgEncodeAwgTfbsHaibGm12878Six5Pcr1xUniPk,0.8960863948,0.8155564666,,wgEncodeAwgTfbsSydhHepg2CebpbIggrabUniPk,0.9564414024,0.8865638971
wgEncodeAwgTfbsBroadHuvecPol2bUniPk,0.9170065522,0.8350177407,,wgEncodeAwgTfbsSydhHepg2CjunIggrabUniPk,0.908562243,0.8257454038
wgEncodeAwgTfbsHaibHelas3NrsfPcr1xUniPk,0.9598915577,0.8950868249,,wgEncodeAwgTfbsSydhHepg2Corestsc30189IggrabUniPk,0.9608524442,0.898622036
wgEncodeAwgTfbsHaibGm12892Yy1V0416101UniPk,0.9162877202,0.8284897804,,wgEncodeAwgTfbsSydhHepg2JundIggrabUniPk,0.8974073529,0.8146048188
wgEncodeAwgTfbsHaibHepg2NrsfPcr2xUniPk,0.9566088319,0.8905295134,,wgEncodeAwgTfbsSydhHepg2MaxIggrabUniPk,0.8565869927,0.7662921548
wgEncodeAwgTfbsSydhHepg2Pol2s2IggrabUniPk,0.9429893494,0.8620283008,,wgEncodeAwgTfbsSydhHepg2TbpIggrabUniPk,0.9683965445,0.9058635831
wgEncodeAwgTfbsHaibGm12878Zbtb33Pcr1xUniPk,0.9295373559,0.8520624042,,wgEncodeAwgTfbsSydhHuvecCfosUcdUniPk,0.9767214656,0.9243617654
wgEncodeAwgTfbsSydhHelas3Tcf7l2c9b92565UcdUniPk,0.9193332195,0.8288122416,,wgEncodeAwgTfbsSydhHuvecCjunUniPk,0.9697256684,0.910695672
wgEncodeAwgTfbsSydhH1hescBrca1IggrabUniPk,0.8907903433,0.796551168,,wgEncodeAwgTfbsSydhHuvecGata2UcdUniPk,0.9877842069,0.949019134
wgEncodeAwgTfbsSydhHepg2Usf2IggrabUniPk,0.8671133518,0.7673611045,,wgEncodeAwgTfbsSydhHuvecMaxUniPk,0.9767533541,0.9249052405
wgEncodeAwgTfbsHaibA549Six5V0422111Etoh02UniPk,0.9105212092,0.8270195127,,wgEncodeAwgTfbsSydhImr90CebpbIggrabUniPk,0.9584643245,0.8938265443
wgEncodeAwgTfbsSydhK562Elk112771IggrabUniPk,0.9508599043,0.8825757504,,wgEncodeAwgTfbsSydhK562CebpbIggrabUniPk,0.9770368338,0.9258188605
wgEncodeAwgTfbsHaibH1hescP300V0416102UniPk,0.9661261439,0.910743773,,wgEncodeAwgTfbsSydhK562CfosUniPk,0.9778933525,0.9274778366
wgEncodeAwgTfbsHaibGm12878Pbx3Pcr1xUniPk,0.9793842435,0.938955009,,wgEncodeAwgTfbsSydhK562CjunUniPk,0.9664530754,0.9117043018
wgEncodeAwgTfbsSydhGm10847Pol2IggmusUniPk,0.9037300944,0.8105173707,,wgEncodeAwgTfbsSydhK562Corestsc30189IggrabUniPk,0.9319975972,0.8535336256
wgEncodeAwgTfbsSydhH1hescCebpbIggrabUniPk,0.9464765787,0.8769841194,,wgEncodeAwgTfbsSydhK562Gata2UcdUniPk,0.987858355,0.9516071081
wgEncodeAwgTfbsUtaHuvecCmycUniPk,0.8712153435,0.7688385248,,wgEncodeAwgTfbsSydhK562JundIggrabUniPk,0.9463126063,0.8812370896
wgEncodeAwgTfbsHaibU87NrsfPcr2xUniPk,0.8789997101,0.7930911779,,wgEncodeAwgTfbsSydhK562MaxIggrabUniPk,0.9510435462,0.8805969954
wgEncodeAwgTfbsHaibHepg2Hdac2sc6296V0416101UniPk,0.9488499761,0.8791961074,,wgEncodeAwgTfbsSydhK562P300IggrabUniPk,0.9467653632,0.8760119081
wgEncodeAwgTfbsUtaHelas3CmycUniPk,0.9033446312,0.817292273,,wgEncodeAwgTfbsSydhK562TbpIggmusUniPk,0.9444336295,0.8695256114
wgEncodeAwgTfbsUtaProgfibPol2UniPk,0.9677539468,0.891262114,,wgEncodeAwgTfbsSydhK562Yy1UcdUniPk,0.9895958304,0.9553340673
wgEncodeAwgTfbsSydhPanc1Tcf7l2UcdUniPk,0.9024043083,0.8125820756,,wgEncodeAwgTfbsSydhMcf10aesCfosTam112hHvdUniPk,0.8371790051,0.7456140518
wgEncodeAwgTfbsUtaHepg2Pol2UniPk,0.9346311092,0.8527397513,,wgEncodeAwgTfbsSydhMcf10aesCfosTam14hHvdUniPk,0.9747841358,0.9216011167
wgEncodeAwgTfbsHaibH1hescHdac2sc6296V0416102UniPk,0.946572125,0.8660668135,,wgEncodeAwgTfbsSydhMcf10aesCfosTamHvdUniPk,0.9644637108,0.8965209723
wgEncodeAwgTfbsSydhHelas3Baf170IggmusUniPk,0.9292612076,0.8463639617,,wgEncodeAwgTfbsSydhMcf10aesStat3Etoh01bUniPk,0.9795901179,0.9295098186
wgEncodeAwgTfbsUtaGlioblaPol2UniPk,0.9491586089,0.8679164648,,wgEncodeAwgTfbsSydhMcf10aesStat3Etoh01cUniPk,0.9687566161,0.9179308414
wgEncodeAwgTfbsSydhGm10847NfkbTnfaIggrabUniPk,0.9098603725,0.8149253726,,wgEncodeAwgTfbsSydhMcf10aesStat3Etoh01UniPk,0.9792346954,0.9350785613
wgEncodeAwgTfbsSydhGm12878Mazab85725IggmusUniPk,0.9930328131,0.9632554054,,wgEncodeAwgTfbsSydhMcf10aesStat3Tam112hHvdUniPk,0.9782716632,0.9266982675
wgEncodeAwgTfbsUtaA549Pol2UniPk,0.9353103638,0.8567517996,,wgEncodeAwgTfbsSydhMcf10aesStat3TamUniPk,0.9330767393,0.8553311229
wgEncodeAwgTfbsHaibK562Sp2sc643V0416102UniPk,0.9492255449,0.8734939694,,wgEncodeAwgTfbsSydhMcf7Gata3UcdUniPk,0.9118916392,0.8297335505
wgEncodeAwgTfbsSydhK562Kap1UcdUniPk,0.9854003191,0.935528934,,wgEncodeAwgTfbsSydhMcf7Hae2f1UcdUniPk,0.9606574774,0.8953971267
wgEncodeAwgTfbsBroadK562P300UniPk,0.9449309111,0.8613898158,,wgEncodeAwgTfbsSydhNb4CmycUniPk,0.9205170274,0.8383793831
wgEncodeAwgTfbsHaibGm12878Mef2aPcr1xUniPk,0.9346210361,0.8567757607,,wgEncodeAwgTfbsSydhNb4MaxUniPk,0.9921501279,0.9655685425
wgEncodeAwgTfbsBroadNhekPol2bUniPk,0.9561318755,0.888671875,,wgEncodeAwgTfbsSydhNt2d1Yy1UcdUniPk,0.9387011528,0.8649650216
wgEncodeAwgTfbsHaibH1hescJundV0416102UniPk,0.8964233398,0.8116912842,,wgEncodeAwgTfbsSydhShsy5yGata2UcdUniPk,0.8685942292,0.7822278142
wgEncodeAwgTfbsSydhK562Stat2Ifna6hUniPk,0.9327440858,0.8537499905,,wgEncodeAwgTfbsSydhShsy5yGata3sc269sc269UcdUniPk,0.9535476565,0.8803827763
wgEncodeAwgTfbsHaibGm12878Tcf3Pcr1xUniPk,0.9104990959,0.8282442689,,wgEncodeAwgTfbsUchicagoK562EfosUniPk,0.9223711491,0.8405757546
wgEncodeAwgTfbsSydhH1hescJundIggrabUniPk,0.9534418583,0.8787085414,,wgEncodeAwgTfbsUchicagoK562Egata2UniPk,0.9422312975,0.8635852337
wgEncodeAwgTfbsSydhGm12878NfkbTnfaIggrabUniPk,0.9799293876,0.927914083,,wgEncodeAwgTfbsUchicagoK562Ehdac8UniPk,0.993663609,0.9650262594
wgEncodeAwgTfbsHaibEcc1EralphaaV0416102Gen1hUniPk,0.9137780666,0.833858788,,wgEncodeAwgTfbsUchicagoK562EjundUniPk,0.9723230004,0.9184559584
wgEncodeAwgTfbsHaibHepg2Mbd4sc271530V0422111UniPk,0.9810397625,0.9323346019,,wgEncodeAwgTfbsUtaGm12878CmycUniPk,0.9895343781,0.9566983581
wgEncodeAwgTfbsHaibA549Usf1Pcr1xEtoh02UniPk,0.8987696767,0.8150317073,,wgEncodeAwgTfbsUtaGm12878CtcfUniPk,0.9484084249,0.8707414865
wgEncodeAwgTfbsHaibA549Foxa1V0416102Dex100nmUniPk,0.9230954647,0.8369136453,,wgEncodeAwgTfbsUtaH1hescCmycUniPk,0.9514650106,0.8818289638
wgEncodeAwgTfbsSydhHepg2CjunIggrabUniPk,0.9695601463,0.8993839622,,wgEncodeAwgTfbsUtaH1hescCtcfUniPk,0.9148480892,0.8294074535
wgEncodeAwgTfbsHaibH1hescEgr1V0416102UniPk,0.8982720375,0.8109865189,,wgEncodeAwgTfbsUtaHelas3CtcfUniPk,0.9551675916,0.8875684738
wgEncodeAwgTfbsSydhHelas3Zkscan1hpa006672IggrabUniPk,0.9144796133,0.8278955817,,wgEncodeAwgTfbsUtaHepg2CmycUniPk,0.889480114,0.8030464053
wgEncodeAwgTfbsUtaMcf7CmycSerumstvdUniPk,0.9647280574,0.8878729343,,wgEncodeAwgTfbsUtaK562CtcfUniPk,0.7828124762,0.7127976418
wgEncodeAwgTfbsSydhK562CmycUniPk,0.9660713077,0.8836489916,,wgEncodeAwgTfbsUtaMcf7CtcfUniPk,0.955919683,0.8922463059
wgEncodeAwgTfbsHaibGm12891Yy1sc281V0416101UniPk,0.9386911988,0.8620097041,,,,
wgEncodeAwgTfbsHaibK562Stat5asc74442V0422111UniPk,0.9054698944,0.8166526556,,,,
wgEncodeAwgTfbsHaibGm12891Taf1Pcr1xUniPk,0.9607843757,0.894033134,,,,
wgEncodeAwgTfbsHaibH1hescPou5f1sc9081V0416102UniPk,0.877420783,0.7977824807,,,,
wgEncodeAwgTfbsHaibK562GabpV0416101UniPk,0.8887768984,0.8027020097,,,,
wgEncodeAwgTfbsHaibK562Fosl1sc183V0416101UniPk,0.9520843029,0.8846096396,,,,
wgEncodeAwgTfbsHaibGm12878Bcl3V0416101UniPk,0.9255618453,0.8420608044,,,,
wgEncodeAwgTfbsSydhH1hescCjunIggrabUniPk,0.861736834,0.7814569473,,,,
wgEncodeAwgTfbsUtaHuvecPol2UniPk,0.8981308341,0.8000000119,,,,
wgEncodeAwgTfbsHaibHepg2Tead4sc101184V0422111UniPk,0.9247451425,0.8226864338,,,,
wgEncodeAwgTfbsSydhGm12878Pol2UniPk,0.9478692412,0.8770595789,,,,
wgEncodeAwgTfbsHaibA549Usf1V0422111Etoh02UniPk,0.8839733601,0.7999324203,,,,
wgEncodeAwgTfbsSydhNt2d1Suz12UcdUniPk,0.902130425,0.8043640256,,,,
wgEncodeAwgTfbsHaibHct116Zbtb33V0416101UniPk,0.9444444776,0.8632492423,,,,
wgEncodeAwgTfbsSydhMcf7Tcf7l2UcdUniPk,0.9368039966,0.8423114419,,,,
wgEncodeAwgTfbsHaibEcc1EralphaaV0416102Est10nm1hUniPk,0.9808682799,0.935706377,,,,
wgEncodeAwgTfbsSydhMcf10aesPol2TamUniPk,0.9146946669,0.8322363496,,,,
wgEncodeAwgTfbsHaibGm12892Pax5c20V0416101UniPk,0.9340859056,0.8629518151,,,,
wgEncodeAwgTfbsHaibPanc1Pol24h8V0416101UniPk,0.8568490148,0.7655417323,,,,
wgEncodeAwgTfbsSydhHek293Pol2UniPk,0.9507989883,0.8730918169,,,,
wgEncodeAwgTfbsHaibHepg2Pol24h8V0416102UniPk,0.801853776,0.7166276574,,,,
wgEncodeAwgTfbsSydhK562Pol2UniPk,0.9549736381,0.8781193495,,,,
wgEncodeAwgTfbsSydhK562CjunIfna30UniPk,0.9588913321,0.9137529135,,,,
wgEncodeAwgTfbsSydhH1hescCtbp2UcdUniPk,0.9066891074,0.8224072456,,,,
wgEncodeAwgTfbsHaibGm12892Pol2V0416102UniPk,0.8780988455,0.7974895239,,,,
wgEncodeAwgTfbsHaibT47dP300V0416102Dm002p1hUniPk,0.9453204274,0.8722985983,,,,
wgEncodeAwgTfbsSydhK562Chd2ab68301IggrabUniPk,0.9331523776,0.8368121386,,,,
wgEncodeAwgTfbsHaibHepg2Bhlhe40V0416101UniPk,0.9144285321,0.8307182193,,,,
wgEncodeAwgTfbsHaibH1hescAtf2sc81188V0422111UniPk,0.8969745636,0.8110161424,,,,
wgEncodeAwgTfbsSydhNb4Pol2UniPk,0.9527383447,0.8851789832,,,,
wgEncodeAwgTfbsSydhH1hescGtf2f1IggrabUniPk,0.8709356189,0.7855633497,,,,
wgEncodeAwgTfbsUtaGm12878CmycUniPk,0.9371839166,0.853333354,,,,
wgEncodeAwgTfbsSydhK562Rad21UniPk,0.9680141211,0.9342806339,,,,
wgEncodeAwgTfbsHaibHepg2Atf3V0416101UniPk,0.9126768708,0.8277512193,,,,
wgEncodeAwgTfbsSydhK562CjunUniPk,0.9015053511,0.8192951679,,,,
wgEncodeAwgTfbsHaibH1hescTaf7sc101167V0416102UniPk,0.9609106779,0.895301044,,,,
wgEncodeAwgTfbsHaibHepg2Zbtb7aV0416101UniPk,0.9119719267,0.8363636136,,,,
wgEncodeAwgTfbsBroadHmecEzh239875UniPk,0.8893821239,0.8073800802,,,,
wgEncodeAwgTfbsHaibGm12891Pax5c20V0416101UniPk,0.911996007,0.8241847157,,,,
wgEncodeAwgTfbsSydhK562Ini1IggmusUniPk,0.8274751306,0.7424618602,,,,
wgEncodeAwgTfbsSydhK562CjunIfng6hUniPk,0.9556036592,0.8848283291,,,,
wgEncodeAwgTfbsBroadGm12878Ezh239875UniPk,0.8758687973,0.793482542,,,,
wgEncodeAwgTfbsHaibK562Six5Pcr1xUniPk,0.8663790822,0.7842205167,,,,
wgEncodeAwgTfbsSydhGm12878WhipIggmusUniPk,0.9433855414,0.8720698357,,,,
wgEncodeAwgTfbsHaibK562Usf1V0416101UniPk,0.9784446955,0.9239766002,,,,
wgEncodeAwgTfbsSydhHepg2Pol2IggrabUniPk,0.9329738617,0.8420162201,,,,
wgEncodeAwgTfbsSydhHelas3Spt20UniPk,0.9143776298,0.8239277601,,,,
wgEncodeAwgTfbsHaibGm12878Zeb1sc25388V0416102UniPk,0.9361766577,0.85503304,,,,
wgEncodeAwgTfbsHaibH1hescSrfPcr1xUniPk,0.9528263807,0.8841201663,,,,
wgEncodeAwgTfbsSydhHelas3Ap2alphaUniPk,0.8788175583,0.7889707685,,,,
wgEncodeAwgTfbsHaibH1hescTcf12Pcr1xUniPk,0.9741449356,0.9213764071,,,,
wgEncodeAwgTfbsHaibPfsk1Sin3ak20V0416101UniPk,0.9318310618,0.8459877372,,,,
wgEncodeAwgTfbsSydhH1hescTbpIggrabUniPk,0.9559773803,0.8880733848,,,,
wgEncodeAwgTfbsSydhHepg2Arid3anb100279IggrabUniPk,0.9378052354,0.8567860126,,,,
wgEncodeAwgTfbsBroadHuvecEzh239875UniPk,0.981312573,0.9340314269,,,,
wgEncodeAwgTfbsSydhHelas3NfybIggrabUniPk,0.9629015326,0.8932822943,,,,
wgEncodeAwgTfbsSydhK562Atf106325UniPk,0.8656203747,0.7796234488,,,,
wgEncodeAwgTfbsUchicagoK562Egata2UniPk,0.9074689746,0.8120446205,,,,
wgEncodeAwgTfbsSydhGm12878Yy1UniPk,0.8715835214,0.787037015,,,,
wgEncodeAwgTfbsSydhGm12878Ikzf1iknuclaUniPk,0.9206569195,0.8362919092,,,,
wgEncodeAwgTfbsHaibHepg2RxraPcr1xUniPk,0.9306768179,0.8397228718,,,,
wgEncodeAwgTfbsHaibK562Sin3ak20V0416101UniPk,0.9174454212,0.8261628747,,,,
wgEncodeAwgTfbsSydhK562Pol2Ifna30UniPk,0.8829111457,0.7979750633,,,,
wgEncodeAwgTfbsSydhK562Stat1Ifng30UniPk,0.8257969618,0.7471612692,,,,
wgEncodeAwgTfbsHaibGm12891Pou2f2Pcr1xUniPk,0.9566951394,0.8810110688,,,,
wgEncodeAwgTfbsSydhH1hescMxi1IggrabUniPk,0.9510976672,0.8780304193,,,,
wgEncodeAwgTfbsHaibA549Ets1V0422111Etoh02UniPk,0.9588651061,0.89041996,,,,
wgEncodeAwgTfbsSydhNt2d1Yy1UcdUniPk,0.9339644909,0.8506114483,,,,
wgEncodeAwgTfbsUchicagoK562EjunbUniPk,0.9565627575,0.8819788098,,,,
wgEncodeAwgTfbsSydhA549MaxIggrabUniPk,0.9732845426,0.9175792336,,,,
wgEncodeAwgTfbsSydhHepg2Mazab85725IggrabUniPk,0.9407180548,0.8647746444,,,,
wgEncodeAwgTfbsHaibK562Yy1V0416101UniPk,0.9239988327,0.8425834775,,,,
wgEncodeAwgTfbsSydhHelas3Corestsc30189IggrabUniPk,0.9328510761,0.8568669558,,,,
wgEncodeAwgTfbsBroadH1hescChd1a301218aUniPk,0.9588525295,0.8878993988,,,,
wgEncodeAwgTfbsSydhHelas3Nrf1IggmusUniPk,0.9197024703,0.8415578008,,,,
wgEncodeAwgTfbsSydhHepg2Srebp1InslnUniPk,0.9492753744,0.8623548746,,,,
wgEncodeAwgTfbsUtaK562Pol2UniPk,0.9272027612,0.843575418,,,,
wgEncodeAwgTfbsHaibHepg2Mybl2sc81192V0422111UniPk,0.9731087089,0.9156660438,,,,
wgEncodeAwgTfbsHaibEcc1Foxa1sc6553V0416102Dm002p1hUniPk,0.8906438947,0.8023552895,,,,
wgEncodeAwgTfbsUchicagoK562EfosUniPk,0.9511121511,0.8793907166,,,,
wgEncodeAwgTfbsHaibA549GabpV0422111Etoh02UniPk,0.9572799206,0.8932186365,,,,
wgEncodeAwgTfbsHaibA549Atf3V0422111Etoh02UniPk,0.9563271403,0.872410059,,,,
wgEncodeAwgTfbsHaibHepg2GabpPcr2xUniPk,0.8978931308,0.7952833772,,,,
wgEncodeAwgTfbsSydhGm12878Pol2s2IggmusUniPk,0.9403595328,0.8580952287,,,,
wgEncodeAwgTfbsHaibGm12878Taf1Pcr1xUniPk,0.9491145015,0.8699029088,,,,
wgEncodeAwgTfbsHaibK562Hdac2sc6296V0416102UniPk,0.9571527839,0.8871564269,,,,
wgEncodeAwgTfbsSydhHelas3Pol2s2IggrabUniPk,0.9201337099,0.8391903043,,,,
wgEncodeAwgTfbsSydhGm12878Elk112771IggmusUniPk,0.9825065732,0.947247684,,,,
wgEncodeAwgTfbsSydhHepg2CebpbForsklnUniPk,0.9832097292,0.9287502766,,,,
wgEncodeAwgTfbsSydhHelas3Usf2IggmusUniPk,0.8861988187,0.7980900407,,,,
wgEncodeAwgTfbsSydhHelas3Stat3IggrabUniPk,0.9883863926,0.9503105879,,,,
wgEncodeAwgTfbsSydhHelas3Brca1a300IggrabUniPk,0.8484823704,0.7727110982,,,,
wgEncodeAwgTfbsHaibHepg2Cebpdsc636V0416101UniPk,0.9366502166,0.8552311659,,,,
wgEncodeAwgTfbsHaibA549Bcl3V0422111Etoh02UniPk,0.9206687212,0.8354763985,,,,
wgEncodeAwgTfbsHaibK562SrfV0416101UniPk,0.9030636549,0.8062189221,,,,
wgEncodeAwgTfbsHaibGm12878Usf1Pcr2xUniPk,0.9700548649,0.9082802534,,,,
wgEncodeAwgTfbsSydhGm12878MaxIggmusUniPk,0.946521163,0.862616837,,,,
wgEncodeAwgTfbsSydhGm18505NfkbTnfaIggrabUniPk,0.9179267883,0.836039722,,,,
wgEncodeAwgTfbsSydhK562Rfx5IggrabUniPk,0.9202675819,0.812030077,,,,
wgEncodeAwgTfbsSydhK562Pol2IggmusUniPk,0.8900660276,0.7958627939,,,,
wgEncodeAwgTfbsHaibGm12878P300Pcr1xUniPk,0.8899000883,0.7962686419,,,,
wgEncodeAwgTfbsSydhGm12892NfkbTnfaIggrabUniPk,0.9669373631,0.9236947894,,,,
wgEncodeAwgTfbsHaibK562Zbtb33Pcr1xUniPk,0.9547033906,0.8948625922,,,,
wgEncodeAwgTfbsHaibHct116Yy1sc281V0416101UniPk,0.944748044,0.8657194376,,,,
wgEncodeAwgTfbsHaibA549P300V0422111Etoh02UniPk,0.9619287252,0.8942952752,,,,
wgEncodeAwgTfbsSydhHelas3E2f4UniPk,0.970746994,0.9120177627,,,,
wgEncodeAwgTfbsHaibK562Ctcflsc98982V0416101UniPk,0.9571096897,0.8936507702,,,,
wgEncodeAwgTfbsHaibH1hescAtf3V0416102UniPk,0.8417150974,0.7517188787,,,,
wgEncodeAwgTfbsHaibHelas3GabpPcr1xUniPk,0.964933753,0.8797169924,,,,
wgEncodeAwgTfbsSydhK562Tblr1nb600270IggrabUniPk,0.9381464124,0.8530760407,,,,
wgEncodeAwgTfbsSydhHelas3NfyaIggrabUniPk,0.9853664637,0.9443324208,,,,
wgEncodeAwgTfbsHaibGm12878Cebpbsc150V0422111UniPk,0.8474408388,0.751427114,,,,
wgEncodeAwgTfbsSydhH1hescUsf2IggrabUniPk,0.9247892499,0.8381801248,,,,
wgEncodeAwgTfbsSydhGm12878Sin3anb6001263IggmusUniPk,0.9025354385,0.8189349174,,,,
wgEncodeAwgTfbsHaibA549Usf1Pcr1xDex100nmUniPk,0.9796631932,0.9326007366,,,,
wgEncodeAwgTfbsSydhK562Tblr1ab24550IggrabUniPk,0.9499379992,0.8754469752,,,,
wgEncodeAwgTfbsSydhHelas3Baf155IggmusUniPk,0.9218719602,0.8331005573,,,,
wgEncodeAwgTfbsSydhK562Irf1Ifng6hUniPk,0.9005702734,0.8174144626,,,,
wgEncodeAwgTfbsSydhHelas3Tr4UniPk,0.9843305945,0.9417327046,,,,
wgEncodeAwgTfbsSydhMcf7Znf217UcdUniPk,0.7473127246,0.6815642715,,,,
wgEncodeAwgTfbsHaibH1hescSin3ak20Pcr1xUniPk,0.8378915787,0.7396373153,,,,
wgEncodeAwgTfbsBroadHelas3Pol2bUniPk,0.9334532619,0.850985229,,,,
wgEncodeAwgTfbsHaibPanc1NrsfPcr2xUniPk,0.9029890895,0.8205369711,,,,
wgEncodeAwgTfbsSydhHelas3E2f1UniPk,0.8301433325,0.740309,,,,
wgEncodeAwgTfbsBroadK562Rbbp5a300109aUniPk,0.8547741175,0.7577464581,,,,
wgEncodeAwgTfbsSydhK562CjunIfng30UniPk,0.8986060619,0.8052815795,,,,
wgEncodeAwgTfbsHaibA549Taf1V0422111Etoh02UniPk,0.9464648366,0.865157485,,,,
wgEncodeAwgTfbsHaibGm12878GabpPcr2xUniPk,0.9100655913,0.8232902288,,,,
wgEncodeAwgTfbsSydhGm12878Stat3IggmusUniPk,0.89798069,0.812522471,,,,
wgEncodeAwgTfbsSydhHelas3Prdm19115IggrabUniPk,0.9673138857,0.9119977355,,,,
wgEncodeAwgTfbsHaibGm12878Ets1Pcr1xUniPk,0.8421679139,0.7608311176,,,,
wgEncodeAwgTfbsSydhH1hescMafkIggrabUniPk,0.9653702974,0.9012926221,,,,
wgEncodeAwgTfbsHaibA549Creb1sc240V0416102Dex100nmUniPk,0.9023228288,0.8032151461,,,,
wgEncodeAwgTfbsHaibSknshraYy1sc281V0416102UniPk,0.9737710357,0.8997713327,,,,
wgEncodeAwgTfbsBroadK562Plu1UniPk,0.9815815091,0.9395316839,,,,
wgEncodeAwgTfbsHaibT47dEraaV0416102Bpa1hUniPk,0.8996635079,0.801353693,,,,
wgEncodeAwgTfbsHaibGm12878Irf4sc6059Pcr1xUniPk,0.9463158846,0.8734031916,,,,
wgEncodeAwgTfbsHaibH1hescNrsfV0416102UniPk,0.9352707863,0.8606803417,,,,
wgEncodeAwgTfbsSydhHepg2Tcf7l2UcdUniPk,0.9028043151,0.8178903461,,,,
wgEncodeAwgTfbsBroadH1hescEzh239875UniPk,0.9768493772,0.9176097512,,,,
wgEncodeAwgTfbsSydhHuvecMaxUniPk,0.9773817062,0.9248166084,,,,
wgEncodeAwgTfbsSydhGm12878CfosUniPk,0.9559746385,0.8843025565,,,,
wgEncodeAwgTfbsHaibHepg2Sin3ak20Pcr1xUniPk,0.8799805641,0.7869764566,,,,
wgEncodeAwgTfbsBroadK562Hdac2a300705aUniPk,0.9502460957,0.8793760538,,,,
wgEncodeAwgTfbsSydhGm18951NfkbTnfaIggrabUniPk,0.930038929,0.8523475528,,,,
wgEncodeAwgTfbsBroadK562Chd1a301218aUniPk,0.8970502019,0.8139175177,,,,
wgEncodeAwgTfbsSydhK562Pol2s2UniPk,0.8967211843,0.8033376336,,,,
wgEncodeAwgTfbsUtaK562CmycUniPk,0.9627008438,0.8988919854,,,,
wgEncodeAwgTfbsHaibSknmcFoxp2Pcr2xUniPk,0.8726644516,0.7859093547,,,,
wgEncodeAwgTfbsSydhHuvecPol2UniPk,0.9275634289,0.8467037082,,,,
wgEncodeAwgTfbsSydhShsy5yGata3sc269sc269UcdUniPk,0.9453631043,0.873362422,,,,
wgEncodeAwgTfbsHaibA549GrPcr2xDex100nmUniPk,0.9447164536,0.8733392358,,,,
wgEncodeAwgTfbsHaibSknshNrsfV0416101UniPk,0.822832644,0.7549341917,,,,
wgEncodeAwgTfbsSydhGm19099NfkbTnfaIggrabUniPk,0.9119708538,0.8268740773,,,,
wgEncodeAwgTfbsHaibSknshNrsfPcr2xUniPk,0.9234676957,0.8445414901,,,,
wgEncodeAwgTfbsSydhGm12878TbpIggmusUniPk,0.9224985838,0.8292372227,,,,
wgEncodeAwgTfbsSydhGm12878Usf2IggmusUniPk,0.9595389962,0.8897470236,,,,
wgEncodeAwgTfbsSydhMcf7Gata3sc269UcdUniPk,0.9127275348,0.828430593,,,,
wgEncodeAwgTfbsSydhHelas3CmycUniPk,0.9445009232,0.8577741981,,,,
wgEncodeAwgTfbsSydhH1hescSuz12UcdUniPk,0.9492971301,0.8803443909,,,,
wgEncodeAwgTfbsSydhGm12878P300IggmusUniPk,0.9456614256,0.8696728349,,,,
wgEncodeAwgTfbsSydhHelas3Rpc155UniPk,0.9691711068,0.8905560374,,,,
wgEncodeAwgTfbsSydhHct116Pol2UcdUniPk,0.9548772573,0.8586083651,,,,
wgEncodeAwgTfbsSydhGm12878Nrf1IggmusUniPk,0.9200198054,0.8312289715,,,,
wgEncodeAwgTfbsHaibPfsk1Taf1V0416101UniPk,0.981141448,0.9298318028,,,,
wgEncodeAwgTfbsHaibK562Sp1Pcr1xUniPk,0.9840875268,0.9626736045,,,,
wgEncodeAwgTfbsHaibK562Gata2sc267Pcr1xUniPk,0.9627486467,0.8938244581,,,,
wgEncodeAwgTfbsSydhK562Nrf1IggrabUniPk,0.9356307387,0.8466846943,,,,
wgEncodeAwgTfbsSydhK562Pol2Ifng6hUniPk,0.9467317462,0.8778429627,,,,
wgEncodeAwgTfbsSydhGm12878E2f4IggmusUniPk,0.9084300995,0.8209219575,,,,
wgEncodeAwgTfbsHaibH1hescNanogsc33759V0416102UniPk,0.9671795964,0.9017280936,,,,
wgEncodeAwgTfbsSydhK562Pol2Ifna6hUniPk,0.9724553227,0.9078947306,,,,
wgEncodeAwgTfbsSydhK562Ubtfsab1404509IggmusUniPk,0.9097334743,0.8215216994,,,,
wgEncodeAwgTfbsHaibK562Pmlsc71910V0422111UniPk,0.9598355889,0.8949819207,,,,
wgEncodeAwgTfbsSydhU2osKap1UcdUniPk,0.9527471066,0.8838816881,,,,
wgEncodeAwgTfbsSydhK562Gtf2bUniPk,0.931073904,0.8494703174,,,,
wgEncodeAwgTfbsUwGm12801CtcfUniPk,0.9561755061,0.8769180775,,,,
wgEncodeAwgTfbsSydhHelas3E2f6UniPk,0.9023861289,0.81697613,,,,
wgEncodeAwgTfbsHaibH1hescSp4v20V0422111UniPk,0.959444046,0.8919946551,,,,
wgEncodeAwgTfbsSydhHelas3Gtf2f1ab28179IggrabUniPk,0.8947441578,0.8038647175,,,,
wgEncodeAwgTfbsSydhK562Gata2UcdUniPk,0.9283434153,0.8361804485,,,,
wgEncodeAwgTfbsHaibA549Yy1cV0422111Etoh02UniPk,0.8557571173,0.7675575018,,,,
wgEncodeAwgTfbsSydhK562E2f4UcdUniPk,0.8534182906,0.7472698689,,,,
wgEncodeAwgTfbsUtaMcf7Pol2UniPk,0.9458937645,0.870423913,,,,
wgEncodeAwgTfbsHaibHepg2Sp2V0422111UniPk,0.8293771744,0.7494908571,,,,
wgEncodeAwgTfbsSydhImr90Pol2IggrabUniPk,0.9651161432,0.8901623487,,,,
wgEncodeAwgTfbsHaibEcc1EraaV0416102Bpa1hUniPk,0.9183894992,0.8329316974,,,,
wgEncodeAwgTfbsSydhGm12878JundUniPk,0.9325734377,0.8500496745,,,,
wgEncodeAwgTfbsBroadNhdfadEzh239875UniPk,0.9388046861,0.8670267463,,,,
wgEncodeAwgTfbsHaibHepg2Nficsc81335V0422111UniPk,0.9153592587,0.8328678608,,,,
wgEncodeAwgTfbsHaibK562Taf1V0416101UniPk,0.8330237269,0.7454906106,,,,
wgEncodeAwgTfbsUtaMcf7CmycEstroUniPk,0.9574572444,0.888235271,,,,
wgEncodeAwgTfbsSydhH1hescChd2IggrabUniPk,0.9575995803,0.8882699609,,,,
wgEncodeAwgTfbsHaibK562Thap1sc98174V0416101UniPk,0.9120265245,0.8323412538,,,,
wgEncodeAwgTfbsHaibHepg2Zbtb33Pcr1xUniPk,0.9193404913,0.8360495567,,,,
wgEncodeAwgTfbsSydhGm12878P300bUniPk,0.8916416764,0.8028261662,,,,
wgEncodeAwgTfbsHaibK562Taf7sc101167V0416101UniPk,0.9540379047,0.8696042895,,,,
wgEncodeAwgTfbsHaibH1hescSix5Pcr1xUniPk,0.9803529978,0.9317647219,,,,
wgEncodeAwgTfbsSydhGm18526NfkbTnfaIggrabUniPk,0.8994145393,0.8051047921,,,,
wgEncodeAwgTfbsSydhH1hescChd1a301218aIggrabUniPk,0.9194407463,0.8379530907,,,,
wgEncodeAwgTfbsBroadK562Hdac1sc6298UniPk,0.7947869301,0.7184054255,,,,
wgEncodeAwgTfbsSydhGm12878Chd1a301218aIggmusUniPk,0.9164404273,0.8323615193,,,,
wgEncodeAwgTfbsHaibSknshSin3ak20V0416101UniPk,0.9791759849,0.9378632307,,,,
wgEncodeAwgTfbsSydhK562Znf263UcdUniPk,0.9087605476,0.8160356283,,,,
wgEncodeAwgTfbsSydhHepg2Hnf4aForsklnUniPk,0.9321113229,0.8559225798,,,,
wgEncodeAwgTfbsSydhHepg2MaxIggrabUniPk,0.9220187664,0.8415135741,,,,
wgEncodeAwgTfbsHaibGm12878Pmlsc71910V0422111UniPk,0.8681769371,0.7774210572,,,,
wgEncodeAwgTfbsSydhHepg2Rfx5200401194IggrabUniPk,0.9367567897,0.8588312268,,,,
wgEncodeAwgTfbsSydhK562Stat1Ifng6hUniPk,0.884906888,0.7965368032,,,,
wgEncodeAwgTfbsHaibK562Mef2aV0416101UniPk,0.9391426444,0.8653155565,,,,
wgEncodeAwgTfbsSydhK562Arid3asc8821IggrabUniPk,0.8779752254,0.7903415561,,,,
wgEncodeAwgTfbsHaibGm12878Bcl11aPcr1xUniPk,0.845497489,0.7623198032,,,,
wgEncodeAwgTfbsSydhGm12878NfybIggmusUniPk,0.8806453347,0.7941424847,,,,
wgEncodeAwgTfbsHaibA549GrPcr1xDex5nmUniPk,0.9564552903,0.8865480423,,,,
wgEncodeAwgTfbsBroadNhekEzh239875UniPk,0.925553143,0.839594543,,,,
wgEncodeAwgTfbsBroadH1hescRbbp5a300109aUniPk,0.9537433386,0.882085681,,,,
wgEncodeAwgTfbsHaibGm12878Bclaf101388V0416101UniPk,0.9008544087,0.8131707311,,,,
wgEncodeAwgTfbsHaibPfsk1Foxp2Pcr2xUniPk,0.9198890924,0.8426408172,,,,
wgEncodeAwgTfbsSydhK562NfyaUniPk,0.8631637692,0.7748815417,,,,
wgEncodeAwgTfbsSydhHelas3MafkIggrabUniPk,0.9649789333,0.8973013759,,,,
wgEncodeAwgTfbsBroadNhaEzh239875UniPk,0.9171180725,0.8380162716,,,,
wgEncodeAwgTfbsSydhK562Pol2Ifng30UniPk,0.954518497,0.888410151,,,,
wgEncodeAwgTfbsSydhK562Ubfsc13125IggmusUniPk,0.8912722468,0.809243679,,,,
wgEncodeAwgTfbsHaibH1hescGabpPcr1xUniPk,0.9211907387,0.8363672495,,,,
wgEncodeAwgTfbsHaibGm12878SrfPcr2xUniPk,0.9410335422,0.864589572,,,,
wgEncodeAwgTfbsHaibHepg2Elf1sc631V0416101UniPk,0.9436730146,0.8722230792,,,,
wgEncodeAwgTfbsSydhHelas3Znf143IggrabUniPk,0.9154118896,0.8209021688,,,,
wgEncodeAwgTfbsSydhK562Sirt6UniPk,0.9897604585,0.9681159258,,,,
wgEncodeAwgTfbsSydhH1hescBach1sc14700IggrabUniPk,0.9403383732,0.8642383814,,,,
wgEncodeAwgTfbsSydhK562Yy1UcdUniPk,0.9602954984,0.8929539323,,,,
wgEncodeAwgTfbsHaibK562Bclaf101388Pcr1xUniPk,0.9415768981,0.8660007119,,,,
wgEncodeAwgTfbsSydhHepg2Corestsc30189IggrabUniPk,0.9342586398,0.8504807949,,,,
wgEncodeAwgTfbsSydhK562CjunIfna6hUniPk,0.9041978121,0.8199492693,,,,
wgEncodeAwgTfbsHaibHepg2Taf1Pcr2xUniPk,0.9161824584,0.8378708363,,,,
wgEncodeAwgTfbsBroadNhlfEzh239875UniPk,0.9672819972,0.9084132314,,,,
wgEncodeAwgTfbsSydhK562TbpIggmusUniPk,0.9336723089,0.8538982272,,,,
wgEncodeAwgTfbsUwHl60CtcfUniPk,0.9221637249,0.8433294296,,,,
wgEncodeAwgTfbsSydhK562E2f6UcdUniPk,0.9234839082,0.8435863853,,,,
wgEncodeAwgTfbsHaibGm12878Nfatc1sc17834V0422111UniPk,0.912897408,0.8384793401,,,,
wgEncodeAwgTfbsSydhHelas3Mazab85725IggrabUniPk,0.8884897232,0.8014911413,,,,
wgEncodeAwgTfbsHaibGm12892Pol24h8V0416102UniPk,0.9535143971,0.8869675398,,,,
wgEncodeAwgTfbsSydhHelas3Elk112771IggrabUniPk,0.9672876596,0.8956249952,,,,
wgEncodeAwgTfbsSydhK562Nfe2UniPk,0.902679801,0.8118689656,,,,
wgEncodeAwgTfbsSydhHelas3Ini1IggmusUniPk,0.956269145,0.8738116026,,,,
wgEncodeAwgTfbsHaibA549NrsfV0422111Etoh02UniPk,0.9822748899,0.9287090302,,,,
wgEncodeAwgTfbsSydhMcf7Gata3UcdUniPk,0.8610191345,0.7747184038,,,,
wgEncodeAwgTfbsHaibPfsk1NrsfPcr2xUniPk,0.8889365196,0.8180628419,,,,
wgEncodeAwgTfbsSydhK562Corestab24166IggrabUniPk,0.9154976606,0.8050706387,,,,
wgEncodeAwgTfbsSydhH1hescMaxUcdUniPk,0.9324688315,0.8524395227,,,,
wgEncodeAwgTfbsSydhK562Gtf2f1ab28179IggrabUniPk,0.9590533972,0.8905547261,,,,
wgEncodeAwgTfbsHaibK562NrsfV0416102UniPk,0.9751979709,0.9279465675,,,,
wgEncodeAwgTfbsSydhK562Bach1sc14700IggrabUniPk,0.9703377485,0.905590713,,,,
wgEncodeAwgTfbsHaibH1hescPol2V0416102UniPk,0.9591856599,0.8878048658,,,,
wgEncodeAwgTfbsHaibGm12878Stat5asc74442V0422111UniPk,0.9524520636,0.8770019412,,,,
wgEncodeAwgTfbsSydhGm18526Pol2IggmusUniPk,0.9616369605,0.8929539323,,,,
wgEncodeAwgTfbsHaibK562Ets1V0416101UniPk,0.941173315,0.8689320683,,,,
wgEncodeAwgTfbsSydhHelas3Stat1Ifng30UniPk,0.9389938712,0.8540095091,,,,
wgEncodeAwgTfbsSydhHelas3Pol2UniPk,0.951929152,0.8861855865,,,,
wgEncodeAwgTfbsSydhRajiPol2UcdUniPk,0.9191675186,0.8373007178,,,,
wgEncodeAwgTfbsSydhK562Pol2s2IggrabUniPk,0.871596992,0.7832092047,,,,
wgEncodeAwgTfbsSydhHelas3Tf3c110UniPk,0.977402091,0.9336124659,,,,
wgEncodeAwgTfbsSydhGm12878Bhlhe40cIggmusUniPk,0.97791785,0.9293534756,,,,
wgEncodeAwgTfbsSydhK562Mxi1af4185IggrabUniPk,0.8911526203,0.8037696481,,,,
wgEncodeAwgTfbsSydhGm19193NfkbTnfaIggrabUniPk,0.9644203782,0.8961557746,,,,
wgEncodeAwgTfbsHaibHepg2Yy1sc281V0416101UniPk,0.8974145651,0.8097136617,,,,
wgEncodeAwgTfbsHaibA549Elf1V0422111Etoh02UniPk,0.9186735153,0.7969821692,,,,
wgEncodeAwgTfbsSydhK562Brg1IggmusUniPk,0.9391258955,0.8670495152,,,,
wgEncodeAwgTfbsSydhPbdefetalGata1UcdUniPk,0.9595620036,0.8900853395,,,,
wgEncodeAwgTfbsBroadK562Sap3039731UniPk,0.9914977551,0.9618532658,,,,
wgEncodeAwgTfbsSydhK562Usf2IggrabUniPk,0.9494977593,0.8794308305,,,,
wgEncodeAwgTfbsSydhHepg2TbpIggrabUniPk,0.9586879611,0.8779841065,,,,
wgEncodeAwgTfbsHaibHelas3Taf1Pcr1xUniPk,0.9336057305,0.8541392684,,,,
wgEncodeAwgTfbsBroadHsmmtEzh239875UniPk,0.9255908132,0.8539220095,,,,
wgEncodeAwgTfbsHaibGm12878Mta3sc81325V0422111UniPk,0.9496741295,0.8783537149,,,,
wgEncodeAwgTfbsUtaH1hescPol2UniPk,0.897929728,0.8117810488,,,,
wgEncodeAwgTfbsHaibPanc1Sin3ak20V0416101UniPk,0.9416132569,0.8657407165,,,,
wgEncodeAwgTfbsBroadK562Pol2bUniPk,0.9730145931,0.91750741,,,,
wgEncodeAwgTfbsSydhGm15510Pol2IggmusUniPk,0.959280014,0.881984055,,,,
wgEncodeAwgTfbsUtaHepg2CmycUniPk,0.8692654967,0.782546699,,,,
wgEncodeAwgTfbsHaibEcc1GrV0416102Dex100nmUniPk,0.980676949,0.918604672,,,,
wgEncodeAwgTfbsUtaGm19238CtcfUniPk,0.8948547244,0.8948547244,,,,
wgEncodeAwgTfbsUwCaco2CtcfUniPk,0.9897994399,0.9897994399,,,,
wgEncodeAwgTfbsSydhGm12878Rad21IggrabUniPk,0.9838019013,0.9838019013,,,,
wgEncodeAwgTfbsHaibEcc1Pol2V0416102Dm002p1hUniPk,0.9860032797,0.9860032797,,,,
wgEncodeAwgTfbsSydhMcf10aesCfosTam112hHvdUniPk,0.9503736496,0.9503736496,,,,
wgEncodeAwgTfbsUtaMcf7CtcfSerumstimUniPk,0.9551540017,0.9551540017,,,,
wgEncodeAwgTfbsSydhK562Tal1sc12984IggmusUniPk,0.8946910501,0.8946910501,,,,
wgEncodeAwgTfbsUtaMcf7Pol2SerumstimUniPk,0.8977946639,0.8977946639,,,,
wgEncodeAwgTfbsHaibA549Pol2Pcr2xEtoh02UniPk,0.9902596474,0.9902596474,,,,
wgEncodeAwgTfbsSydhK562P300IggrabUniPk,0.9916282892,0.9916282892,,,,
wgEncodeAwgTfbsSydhShsy5yGata2UcdUniPk,0.8918704987,0.8918704987,,,,
wgEncodeAwgTfbsSydhHuvecCjunUniPk,0.9662492275,0.9662492275,,,,
wgEncodeAwgTfbsHaibA549Pol2Pcr2xDex100nmUniPk,0.9840590358,0.9840590358,,,,
wgEncodeAwgTfbsHaibH1hescCtcfsc5916V0416102UniPk,0.8889956474,0.8889956474,,,,
wgEncodeAwgTfbsHaibK562E2f6V0416102UniPk,0.9775607586,0.9775607586,,,,
wgEncodeAwgTfbsHaibH1hescTead4sc101184V0422111UniPk,0.9771632552,0.9771632552,,,,
wgEncodeAwgTfbsSydhK562CtcfbIggrabUniPk,0.990555048,0.990555048,,,,
wgEncodeAwgTfbsBroadHsmmtCtcfUniPk,0.9881675243,0.9881675243,,,,
wgEncodeAwgTfbsHaibK562Yy1V0416102UniPk,0.976739347,0.976739347,,,,
wgEncodeAwgTfbsSydhHuvecCfosUcdUniPk,0.9915798306,0.9915798306,,,,
wgEncodeAwgTfbsHaibEcc1CtcfcV0416102Dm002p1hUniPk,0.9887542129,0.9887542129,,,,
wgEncodeAwgTfbsUwHek293CtcfUniPk,0.9616391063,0.9616391063,,,,
wgEncodeAwgTfbsUwHpfCtcfUniPk,0.9915300012,0.9915300012,,,,
wgEncodeAwgTfbsUwMcf7CtcfUniPk,0.9922977686,0.9922977686,,,,
wgEncodeAwgTfbsHaibK562Elf1sc631V0416102UniPk,0.9867664576,0.9867664576,,,,
wgEncodeAwgTfbsUtaProgfibCtcfUniPk,0.9929369688,0.9929369688,,,,
wgEncodeAwgTfbsUwWerirb1CtcfUniPk,0.9785585999,0.9785585999,,,,
wgEncodeAwgTfbsUtaGm19240CtcfUniPk,0.9090177417,0.9090177417,,,,
wgEncodeAwgTfbsHaibU87Pol24h8V0416101UniPk,0.9930303693,0.9930303693,,,,
wgEncodeAwgTfbsUtaMcf7CtcfEstroUniPk,0.9295119643,0.9295119643,,,,
wgEncodeAwgTfbsUwBjCtcfUniPk,0.9867478013,0.9867478013,,,,
wgEncodeAwgTfbsSydhImr90CebpbIggrabUniPk,0.9885858297,0.9885858297,,,,
wgEncodeAwgTfbsHaibGm12878Rad21V0416101UniPk,0.9870802164,0.9870802164,,,,
wgEncodeAwgTfbsHaibK562Cbx3sc101004V0422111UniPk,0.9896807075,0.9896807075,,,,
wgEncodeAwgTfbsSydhK562MaxIggrabUniPk,0.9913810492,0.9913810492,,,,
wgEncodeAwgTfbsUtaMcf7Pol2SerumstvdUniPk,0.9182494283,0.9182494283,,,,
wgEncodeAwgTfbsHaibH1hescPol24h8V0416102UniPk,0.9912599921,0.9912599921,,,,
wgEncodeAwgTfbsHaibHepg2Fosl2V0416101UniPk,0.9804689884,0.9804689884,,,,
wgEncodeAwgTfbsBroadNhaCtcfUniPk,0.9947357178,0.9947357178,,,,
wgEncodeAwgTfbsSydhK562CmycIfng30UniPk,0.9838536382,0.9838536382,,,,
wgEncodeAwgTfbsUwGm12864CtcfUniPk,0.9772566557,0.9772566557,,,,
wgEncodeAwgTfbsUwGm12875CtcfUniPk,0.992708981,0.992708981,,,,
wgEncodeAwgTfbsHaibHelas3Pol2Pcr1xUniPk,0.9771712422,0.9771712422,,,,
wgEncodeAwgTfbsHaibT47dCtcfsc5916V0416102Dm002p1hUniPk,0.9299800992,0.9299800992,,,,
wgEncodeAwgTfbsUtaFibroblCtcfUniPk,0.9935840964,0.9935840964,,,,
wgEncodeAwgTfbsHaibA549Ctcfsc5916Pcr1xEtoh02UniPk,0.9568014145,0.9568014145,,,,
wgEncodeAwgTfbsBroadNhekCtcfUniPk,0.9577946067,0.9577946067,,,,
wgEncodeAwgTfbsBroadNhlfCtcfUniPk,0.8996368051,0.8996368051,,,,
wgEncodeAwgTfbsUwAg10803CtcfUniPk,0.9906737208,0.9906737208,,,,
wgEncodeAwgTfbsUwRptecCtcfUniPk,0.9887679815,0.9887679815,,,,
wgEncodeAwgTfbsHaibK562Rad21V0416102UniPk,0.9890133739,0.9890133739,,,,
wgEncodeAwgTfbsHaibSknshraUsf1sc8983V0416102UniPk,0.9392461181,0.9392461181,,,,
wgEncodeAwgTfbsUwGm12872CtcfUniPk,0.9902334809,0.9902334809,,,,
wgEncodeAwgTfbsSydhK562MaffIggrabUniPk,0.994056046,0.994056046,,,,
wgEncodeAwgTfbsHaibA549Fosl2V0422111Etoh02UniPk,0.9728153944,0.9728153944,,,,
wgEncodeAwgTfbsSydhK562Bhlhe40nb100IggrabUniPk,0.9891444445,0.9891444445,,,,
wgEncodeAwgTfbsUwHvmfCtcfUniPk,0.9910447598,0.9910447598,,,,
wgEncodeAwgTfbsSydhHelas3JundIggrabUniPk,0.9933497906,0.9933497906,,,,
wgEncodeAwgTfbsUwHmfCtcfUniPk,0.9910841584,0.9910841584,,,,
wgEncodeAwgTfbsSydhHepg2JundIggrabUniPk,0.9907286167,0.9907286167,,,,
wgEncodeAwgTfbsUwHcmCtcfUniPk,0.9754530191,0.9754530191,,,,
wgEncodeAwgTfbsSydhHelas3Rad21IggrabUniPk,0.8613792658,0.8613792658,,,,
wgEncodeAwgTfbsSydhGm12878Pol2IggmusUniPk,0.901493907,0.901493907,,,,
wgEncodeAwgTfbsUtaGm12878CtcfUniPk,0.9699359536,0.9699359536,,,,
wgEncodeAwgTfbsUchicagoK562EjundUniPk,0.9794577956,0.9794577956,,,,
wgEncodeAwgTfbsUwAg09319CtcfUniPk,0.970877707,0.970877707,,,,
wgEncodeAwgTfbsHaibHepg2Pol2Pcr2xUniPk,0.9756601453,0.9756601453,,,,
wgEncodeAwgTfbsSydhGm12878Ctcfsc15914c20UniPk,0.9415830374,0.9415830374,,,,
wgEncodeAwgTfbsHaibK562Pol2V0416101UniPk,0.9915408492,0.9915408492,,,,
wgEncodeAwgTfbsUwSaecCtcfUniPk,0.9712892771,0.9712892771,,,,
wgEncodeAwgTfbsSydhMcf10aesCfosTam14hHvdUniPk,0.9859876633,0.9859876633,,,,
wgEncodeAwgTfbsUwNhlfCtcfUniPk,0.9135687947,0.9135687947,,,,
wgEncodeAwgTfbsUtaGm12891CtcfUniPk,0.9919734001,0.9919734001,,,,
wgEncodeAwgTfbsHaibHepg2Hnf4asc8987V0416101UniPk,0.9835067391,0.9835067391,,,,
wgEncodeAwgTfbsHaibHuvecPol24h8V0416101UniPk,0.9945437312,0.9945437312,,,,
wgEncodeAwgTfbsSydhHepg2CebpbIggrabUniPk,0.9566657543,0.9566657543,,,,
wgEncodeAwgTfbsSydhMcf10aesCfosTamHvdUniPk,0.9904002547,0.9904002547,,,,
wgEncodeAwgTfbsHaibGm12878Runx3sc101553V0422111UniPk,0.935259521,0.935259521,,,,
wgEncodeAwgTfbsSydhHek293Kap1UcdUniPk,0.987423718,0.987423718,,,,
wgEncodeAwgTfbsSydhGm12878Ebf1sc137065UniPk,0.9907335043,0.9907335043,,,,
wgEncodeAwgTfbsSydhK562CmycIfng6hUniPk,0.9776309133,0.9776309133,,,,
wgEncodeAwgTfbsBroadHelas3CtcfUniPk,0.9337725639,0.9337725639,,,,
wgEncodeAwgTfbsHaibHuvecPol2Pcr1xUniPk,0.9948297739,0.9948297739,,,,
wgEncodeAwgTfbsHaibH1hescTaf1V0416102UniPk,0.9605594277,0.9605594277,,,,
wgEncodeAwgTfbsUtaHelas3CtcfUniPk,0.9658597708,0.9658597708,,,,
wgEncodeAwgTfbsUtaH1hescCtcfUniPk,0.9862269163,0.9862269163,,,,
wgEncodeAwgTfbsSydhGm12891Pol2IggmusUniPk,0.9589514732,0.9589514732,,,,
wgEncodeAwgTfbsHaibGm12878Elf1sc631V0416101UniPk,0.8793177605,0.8793177605,,,,
wgEncodeAwgTfbsSydhGm12891NfkbTnfaIggrabUniPk,0.9563597441,0.9563597441,,,,
wgEncodeAwgTfbsSydhHepg2Smc3ab9263IggrabUniPk,0.9659343362,0.9659343362,,,,
wgEncodeAwgTfbsSydhHct116Tcf7l2UcdUniPk,0.9152809978,0.9152809978,,,,
wgEncodeAwgTfbsHaibK562Egr1V0416101UniPk,0.977861166,0.977861166,,,,
wgEncodeAwgTfbsHaibHepg2JundPcr1xUniPk,0.9956053495,0.9956053495,,,,
wgEncodeAwgTfbsHaibHepg2Hnf4gsc6558V0416101UniPk,0.9799675941,0.9799675941,,,,
wgEncodeAwgTfbsSydhImr90Rad21IggrabUniPk,0.9584453106,0.9584453106,,,,
wgEncodeAwgTfbsUwNb4CtcfUniPk,0.9881350398,0.9881350398,,,,
wgEncodeAwgTfbsHaibSknshraRad21V0416102UniPk,0.9834057689,0.9834057689,,,,
wgEncodeAwgTfbsSydhGm18951Pol2IggmusUniPk,0.990518868,0.990518868,,,,
wgEncodeAwgTfbsBroadOsteoblCtcfUniPk,0.8537217975,0.8537217975,,,,
wgEncodeAwgTfbsSydhH1hescRad21IggrabUniPk,0.9940886497,0.9940886497,,,,
wgEncodeAwgTfbsHaibHepg2P300V0416101UniPk,0.9453129768,0.9453129768,,,,
wgEncodeAwgTfbsHaibGm12878Tcf12Pcr1xUniPk,0.9800023437,0.9800023437,,,,
wgEncodeAwgTfbsUwSknshraCtcfUniPk,0.9931487441,0.9931487441,,,,
wgEncodeAwgTfbsSydhK562Mazab85725IggrabUniPk,0.9909215569,0.9909215569,,,,
wgEncodeAwgTfbsSydhK562CmycIggrabUniPk,0.8888196349,0.8888196349,,,,
wgEncodeAwgTfbsUwHacCtcfUniPk,0.8950490952,0.8950490952,,,,
wgEncodeAwgTfbsHaibK562Zbtb7asc34508V0416101UniPk,0.9044688344,0.9044688344,,,,
wgEncodeAwgTfbsSydhK562Smc3ab9263IggrabUniPk,0.9907495975,0.9907495975,,,,
wgEncodeAwgTfbsHaibGm12878Pu1Pcr1xUniPk,0.9758397341,0.9758397341,,,,
wgEncodeAwgTfbsUwHpafCtcfUniPk,0.9930874109,0.9930874109,,,,
wgEncodeAwgTfbsSydhK562CebpbIggrabUniPk,0.9743469954,0.9743469954,,,,
wgEncodeAwgTfbsBroadHsmmCtcfUniPk,0.8697806001,0.8697806001,,,,
wgEncodeAwgTfbsSydhHuvecGata2UcdUniPk,0.9943893552,0.9943893552,,,,
wgEncodeAwgTfbsHaibHepg2Foxa1sc101058V0416101UniPk,0.9940364957,0.9940364957,,,,
wgEncodeAwgTfbsUwHreCtcfUniPk,0.9929140806,0.9929140806,,,,
wgEncodeAwgTfbsSydhH1hescSin3anb6001263IggrabUniPk,0.9740667939,0.9740667939,,,,
wgEncodeAwgTfbsHaibHepg2Ctcfsc5916V0416101UniPk,0.9911946654,0.9911946654,,,,
wgEncodeAwgTfbsSydhH1hescZnf143IggrabUniPk,0.9757117629,0.9757117629,,,,
wgEncodeAwgTfbsSydhMcf10aesCmycTam14hHvdUniPk,0.9238111973,0.9238111973,,,,
wgEncodeAwgTfbsHaibGm12878Pax5c20Pcr1xUniPk,0.9325066209,0.9325066209,,,,
wgEncodeAwgTfbsUtaHepg2CtcfUniPk,0.9911519885,0.9911519885,,,,
wgEncodeAwgTfbsSydhMcf10aesPol2Etoh01UniPk,0.9903100133,0.9903100133,,,,
wgEncodeAwgTfbsHaibK562Tead4sc101184V0422111UniPk,0.9511392713,0.9511392713,,,,
wgEncodeAwgTfbsUtaMcf7CtcfUniPk,0.8965830803,0.8965830803,,,,
wgEncodeAwgTfbsBroadK562Phf8a301772aUniPk,0.9863305092,0.9863305092,,,,
wgEncodeAwgTfbsUwBe2cCtcfUniPk,0.976918757,0.976918757,,,,
wgEncodeAwgTfbsUwGm12874CtcfUniPk,0.9889773726,0.9889773726,,,,
wgEncodeAwgTfbsSydhA549CebpbIggrabUniPk,0.9956886768,0.9956886768,,,,
wgEncodeAwgTfbsSydhNb4MaxUniPk,0.9726196527,0.9726196527,,,,
wgEncodeAwgTfbsHaibHepg2Foxa2sc6554V0416101UniPk,0.9586836696,0.9586836696,,,,
wgEncodeAwgTfbsSydhHelas3Ap2gammaUniPk,0.9773722887,0.9773722887,,,,
wgEncodeAwgTfbsSydhK562Znf143IggrabUniPk,0.9932355881,0.9932355881,,,,
wgEncodeAwgTfbsSydhHepg2Mafkab50322IggrabUniPk,0.989751339,0.989751339,,,,
wgEncodeAwgTfbsHaibGm12891Pu1Pcr1xUniPk,0.9319545031,0.9319545031,,,,
wgEncodeAwgTfbsHaibA549GrPcr1xDex50nmUniPk,0.9941408634,0.9941408634,,,,
wgEncodeAwgTfbsUwHbmecCtcfUniPk,0.9604052305,0.9604052305,,,,
wgEncodeAwgTfbsHaibSknshPol24h8V0416101UniPk,0.9414064884,0.9414064884,,,,
wgEncodeAwgTfbsSydhGm18505Pol2IggmusUniPk,0.9853604436,0.9853604436,,,,
wgEncodeAwgTfbsSydhHepg2Rad21IggrabUniPk,0.9830641747,0.9830641747,,,,
wgEncodeAwgTfbsUwAg09309CtcfUniPk,0.959115386,0.959115386,,,,
wgEncodeAwgTfbsSydhNb4CmycUniPk,0.9691951275,0.9691951275,,,,
wgEncodeAwgTfbsUwHrpeCtcfUniPk,0.9840158224,0.9840158224,,,,
wgEncodeAwgTfbsSydhPbdeGata1UcdUniPk,0.9861008525,0.9861008525,,,,
wgEncodeAwgTfbsSydhHelas3P300sc584sc584IggrabUniPk,0.9566663504,0.9566663504,,,,
wgEncodeAwgTfbsUwAoafCtcfUniPk,0.9977353811,0.9977353811,,,,
wgEncodeAwgTfbsSydhHelas3CebpbIggrabUniPk,0.9308969378,0.9308969378,,,,
wgEncodeAwgTfbsUtaA549CtcfUniPk,0.8749913573,0.8749913573,,,,
wgEncodeAwgTfbsSydhGm19099Pol2IggmusUniPk,0.9553647041,0.9553647041,,,,
wgEncodeAwgTfbsUwGm12873CtcfUniPk,0.9945755005,0.9945755005,,,,
wgEncodeAwgTfbsUwGm12865CtcfUniPk,0.9840019941,0.9840019941,,,,
wgEncodeAwgTfbsSydhMcf10aesCmycEtoh01HvdUniPk,0.9955809712,0.9955809712,,,,
wgEncodeAwgTfbsSydhMcf10aesCfosEtoh01HvdUniPk,0.9915065169,0.9915065169,,,,
wgEncodeAwgTfbsUwNhekCtcfUniPk,0.9226790071,0.9226790071,,,,
wgEncodeAwgTfbsSydhImr90CtcfbIggrabUniPk,0.9864739776,0.9864739776,,,,
wgEncodeAwgTfbsUtaGlioblaCtcfUniPk,0.9750740528,0.9750740528,,,,
wgEncodeAwgTfbsHaibK562Pol24h8V0416101UniPk,0.9457911849,0.9457911849,,,,
wgEncodeAwgTfbsBroadHepg2CtcfUniPk,0.9313107729,0.9313107729,,,,
wgEncodeAwgTfbsSydhMcf10aesStat3Etoh01bUniPk,0.9867883921,0.9867883921,,,,
wgEncodeAwgTfbsUtaGm19239CtcfUniPk,0.993137598,0.993137598,,,,
wgEncodeAwgTfbsSydhA549Rad21IggrabUniPk,0.9936653376,0.9936653376,,,,
wgEncodeAwgTfbsUwGm12878CtcfUniPk,0.9833666682,0.9833666682,,,,
wgEncodeAwgTfbsSydhK562Mafkab50322IggrabUniPk,0.9888544679,0.9888544679,,,,
wgEncodeAwgTfbsHaibGm12878Pol2Pcr2xUniPk,0.988409102,0.988409102,,,,
wgEncodeAwgTfbsSydhMcf10aesStat3Etoh01cUniPk,0.9932384491,0.9932384491,,,,
wgEncodeAwgTfbsSydhMcf7Hae2f1UcdUniPk,0.951040864,0.951040864,,,,
wgEncodeAwgTfbsHaibGm12878Ebf1sc137065Pcr1xUniPk,0.9918785691,0.9918785691,,,,
wgEncodeAwgTfbsHaibGm12878Pax5n19Pcr1xUniPk,0.9889219999,0.9889219999,,,,
wgEncodeAwgTfbsHaibGm12878BatfPcr1xUniPk,0.9866092205,0.9866092205,,,,
wgEncodeAwgTfbsBroadGm12878CtcfUniPk,0.8981903791,0.8981903791,,,,
wgEncodeAwgTfbsHaibH1hescRad21V0416102UniPk,0.9946360588,0.9946360588,,,,
wgEncodeAwgTfbsHaibHepg2Sp1Pcr1xUniPk,0.9656078219,0.9656078219,,,,
wgEncodeAwgTfbsSydhHepg2Pol2ForsklnUniPk,0.9120613337,0.9120613337,,,,
wgEncodeAwgTfbsSydhGm12878Znf143166181apUniPk,0.9599627852,0.9599627852,,,,
wgEncodeAwgTfbsHaibGm12878Atf2sc81188V0422111UniPk,0.9864007235,0.9864007235,,,,
wgEncodeAwgTfbsUwHmecCtcfUniPk,0.99212116,0.99212116,,,,
wgEncodeAwgTfbsSydhK562Ccnt2UniPk,0.990868628,0.990868628,,,,
wgEncodeAwgTfbsUwHelas3CtcfUniPk,0.9797810912,0.9797810912,,,,
wgEncodeAwgTfbsHaibK562CtcfcPcr1xUniPk,0.9919708371,0.9919708371,,,,
wgEncodeAwgTfbsSydhHepg2Maffm8194IggrabUniPk,0.9356796145,0.9356796145,,,,
wgEncodeAwgTfbsUtaMcf7CmycSerumstimUniPk,0.9575240612,0.9575240612,,,,
wgEncodeAwgTfbsHaibHepg2Foxa1sc6553V0416101UniPk,0.9944911599,0.9944911599,,,,
wgEncodeAwgTfbsUwHcfaaCtcfUniPk,0.9908620119,0.9908620119,,,,
wgEncodeAwgTfbsHaibT47dFoxa1sc6553V0416102Dm002p1hUniPk,0.8904129863,0.8904129863,,,,
wgEncodeAwgTfbsSydhHelas3Chd2IggrabUniPk,0.9435851574,0.9435851574,,,,
wgEncodeAwgTfbsBroadH1hescCtcfUniPk,0.9960545301,0.9960545301,,,,
wgEncodeAwgTfbsSydhMcf10aesStat3Tam112hHvdUniPk,0.9936739206,0.9936739206,,,,
wgEncodeAwgTfbsUwGm06990CtcfUniPk,0.9771973491,0.9771973491,,,,
wgEncodeAwgTfbsHaibK562Cebpbsc150V0422111UniPk,0.9962349534,0.9962349534,,,,
wgEncodeAwgTfbsUwAg04449CtcfUniPk,0.9879763722,0.9879763722,,,,
wgEncodeAwgTfbsUwK562CtcfUniPk,0.9753521085,0.9753521085,,,,
wgEncodeAwgTfbsUwWi38CtcfUniPk,0.9903256893,0.9903256893,,,,
wgEncodeAwgTfbsSydhGm12878Smc3ab9263IggmusUniPk,0.9208363295,0.9208363295,,,,
wgEncodeAwgTfbsSydhGm19193Pol2IggmusUniPk,0.8582216501,0.8582216501,,,,
wgEncodeAwgTfbsBroadDnd41CtcfUniPk,0.9955464602,0.9955464602,,,,
wgEncodeAwgTfbsUtaGm12892CtcfUniPk,0.9557753801,0.9557753801,,,,
wgEncodeAwgTfbsUwHffmycCtcfUniPk,0.9915255904,0.9915255904,,,,
wgEncodeAwgTfbsUwHepg2CtcfUniPk,0.9936156273,0.9936156273,,,,
wgEncodeAwgTfbsUtaNhekCtcfUniPk,0.944044888,0.944044888,,,,
wgEncodeAwgTfbsUwNhdfneoCtcfUniPk,0.9897274971,0.9897274971,,,,
wgEncodeAwgTfbsHaibSknmcPol24h8V0416101UniPk,0.9098113775,0.9098113775,,,,
wgEncodeAwgTfbsUtaHuvecCtcfUniPk,0.9917963743,0.9917963743,,,,
wgEncodeAwgTfbsHaibA549Ctcfsc5916Pcr1xDex100nmUniPk,0.9930599332,0.9930599332,,,,
wgEncodeAwgTfbsHaibHepg2Usf1Pcr1xUniPk,0.8896377683,0.8896377683,,,,
wgEncodeAwgTfbsUwHuvecCtcfUniPk,0.9899393916,0.9899393916,,,,
wgEncodeAwgTfbsUwHaspCtcfUniPk,0.9840986133,0.9840986133,,,,
wgEncodeAwgTfbsHaibK562MaxV0416102UniPk,0.9732341766,0.9732341766,,,,
wgEncodeAwgTfbsHaibK562Pu1Pcr1xUniPk,0.9422873855,0.9422873855,,,,
wgEncodeAwgTfbsBroadNhdfadCtcfUniPk,0.9409316182,0.9409316182,,,,
wgEncodeAwgTfbsUwAg04450CtcfUniPk,0.9930921793,0.9930921793,,,,
wgEncodeAwgTfbsHaibHct116Pol24h8V0416101UniPk,0.9720165133,0.9720165133,,,,
wgEncodeAwgTfbsHaibGm12878Foxm1sc502V0422111UniPk,0.9917334914,0.9917334914,,,,
wgEncodeAwgTfbsSydhK562JundIggrabUniPk,0.8993512988,0.8993512988,,,,
wgEncodeAwgTfbsHaibGm12878Pou2f2Pcr1xUniPk,0.9917861223,0.9917861223,,,,
wgEncodeAwgTfbsUwHct116CtcfUniPk,0.9861977696,0.9861977696,,,,
wgEncodeAwgTfbsUwHcpeCtcfUniPk,0.9923892021,0.9923892021,,,,
wgEncodeAwgTfbsUwA549CtcfUniPk,0.9922087193,0.9922087193,,,,
wgEncodeAwgTfbsBroadK562CtcfUniPk,0.9891921878,0.9891921878,,,,
wgEncodeAwgTfbsHaibH1hescUsf1Pcr1xUniPk,0.929846704,0.929846704,,,,
wgEncodeAwgTfbsHaibSknshraCtcfV0416102UniPk,0.905769527,0.905769527,,,,
wgEncodeAwgTfbsSydhMcf10aesStat3TamUniPk,0.955791235,0.955791235,,,,
wgEncodeAwgTfbsSydhHepg2Mafksc477IggrabUniPk,0.9482734203,0.9482734203,,,,
wgEncodeAwgTfbsHaibGm12878Yy1sc281Pcr1xUniPk,0.9923164248,0.9923164248,,,,
wgEncodeAwgTfbsUtaMcf7CmycVehUniPk,0.8927695155,0.8927695155,,,,
wgEncodeAwgTfbsSydhU2osSetdb1UcdUniPk,0.9916703105,0.9916703105,,,,
wgEncodeAwgTfbsSydhImr90MafkIggrabUniPk,0.9288406968,0.9288406968,,,,
wgEncodeAwgTfbsBroadHmecCtcfUniPk,0.9287208319,0.9287208319,,,,
wgEncodeAwgTfbsUwHffCtcfUniPk,0.9391806722,0.9391806722,,,,
wgEncodeAwgTfbsHaibT47dGata3sc268V0416102Dm002p1hUniPk,0.9814904332,0.9814904332,,,,
wgEncodeAwgTfbsSydhGm12892Pol2IggmusUniPk,0.8822276592,0.8822276592,,,,
wgEncodeAwgTfbsHaibSknshraP300V0416102UniPk,0.9366388917,0.9366388917,,,,
wgEncodeAwgTfbsSydhHelas3MaxIggrabUniPk,0.9878103137,0.9878103137,,,,
wgEncodeAwgTfbsSydhHelas3Rfx5200401194IggrabUniPk,0.9195213914,0.9195213914,,,,
wgEncodeAwgTfbsUtaK562CtcfUniPk,0.9434562325,0.9434562325,,,,
wgEncodeAwgTfbsSydhHelas3Smc3ab9263IggrabUniPk,0.9874218106,0.9874218106,,,,
wgEncodeAwgTfbsHaibHepg2Rad21V0416101UniPk,0.9274469018,0.9274469018,,,,
wgEncodeAwgTfbsSydhHelas3CjunIggrabUniPk,0.993004024,0.993004024,,,,
wgEncodeAwgTfbsSydhHepg2Mxi1UniPk,0.9815834761,0.9815834761,,,,
wgEncodeAwgTfbsUtaMcf7CtcfSerumstvdUniPk,0.9922092557,0.9922092557,,,,
wgEncodeAwgTfbsBroadHuvecCtcfUniPk,0.9832285643,0.9832285643,,,,
wgEncodeAwgTfbsHaibGm12878Nficsc81335V0422111UniPk,0.9925535321,0.9925535321,,,,
wgEncodeAwgTfbsUwHeeCtcfUniPk,0.9923593402,0.9923593402,,,,
wgEncodeAwgTfbsUtaMcf7CtcfVehUniPk,0.9495800138,0.9495800138,,,,
wgEncodeAwgTfbsSydhK562Corestsc30189IggrabUniPk,0.8988354802,0.8988354802,,,,
wgEncodeAwgTfbsSydhHek293tZnf263UcdUniPk,0.9952546358,0.9952546358,,,,
wgEncodeAwgTfbsHaibA549Tcf12V0422111Etoh02UniPk,0.9067887664,0.9067887664,,,,